S.No,Id,Name,Username,Email,City,Phone,Website,Company Name
1,7,Kurtis Weissnat,Elwyn.Skiles,telly.hoeger@billy.biz,2100676132,https://elvis.io,Howemouth,Johns Group
2,8,Nicholas Runolfsdottir V,Maxime_Nienow,sherwood@rosamond.me,5864936943 140,https://jacynthe.com,Aliyaview,Abernathy Group
3,3,Clementine Bauch,Samantha,nathan@yesenia.net,14631234447,https://ramiro.info,McKenziehaven,Romaguera-Jacobson
4,1,Leanne Graham,Bret,sincere@april.biz,17707368031 56442,https://hildegard.org,Gwenborough,Romaguera-Crona
5,2,Ervin Howell,Antonette,shanna@melissa.tv,0106926593 09125,https://anastasia.net,Wisokyburgh,Deckow-Crist
6,6,Mrs. Dennis Schulist,Leopoldo_Corkery,karley_dach@jasper.info,14779358478 6430,https://ola.org,South Christy,Considine-Lockman
7,4,Patricia Lebsack,Karianne,julianne.oconner@kory.org,4931709623 156,https://kale.biz,South Elvis,Robel-Corkery
8,5,Chelsey Dietrich,Kamren,lucio_hettinger@annie.ca,2549541289,https://demarco.info,Roscoeview,Keebler LLC
9,9,Glenna Reichert,Delphine,chaim_mcdermott@dana.io,7759766794 41206,https://conrad.com,Bartholomebury,Yost and Sons
10,10,Clementina DuBuque,Moriah.Stanton,rey.padberg@karina.biz,0246483804,https://ambrose.net,Lebsackbury,Hoeger LLC
